id,firstname,lastname,age
1,John,Doe,28
2,Jane,Smith,34
3,Robert,Brown,45
4,Emily,Davis,22
5,Michael,Miller,31
6,Sarah,Wilson,29
7,David,Moore,40
8,Laura,Taylor,27
9,James,Anderson,35
10,Mary,Thomas,38
11,William,Jackson,50
12,Linda,White,48
13,Christopher,Harris,36
14,Patricia,Martin,32
15,Matthew,Thompson,41
16,Barbara,Garcia,44
17,Anthony,Martinez,33
18,Jennifer,Robinson,39
19,Mark,Clark,43
20,Karen,Rodriguez,37
21,Paul,Lewis,52
22,Nancy,Lee,46
23,Andrew,Walker,30
24,Susan,Hall,47
25,Joshua,Allen,25
26,Jessica,Young,24
27,Kevin,Hernandez,29
28,Lisa,King,49
29,Steven,Wright,51
30,Margaret,Lopez,42
31,Brian,Hill,34
32,Sandra,Scott,26
33,George,Green,55
34,Betty,Adams,53
35,Jason,Baker,31
36,Donna,Gonzalez,38
37,Charles,Nelson,36
38,Deborah,Carter,45
39,Daniel,Mitchell,27
40,Carol,Perez,39
41,Timothy,Roberts,42
42,Dorothy,Turner,33
43,Jose,Phillips,28
44,Ashley,Campbell,29
45,Jonathan,Parker,34
46,Kimberly,Evans,37
47,Thomas,Edwards,41
48,Emily,Collins,32
49,Larry,Stewart,50
50,Amanda,Sanchez,24
51,Eric,Morris,43
52,Melissa,Rogers,30
53,Stephen,Reed,47
54,Amy,Cook,26
55,Scott,Morgan,48
56,Rebecca,Bell,52
57,Brandon,Murphy,35
58,Laura,Bailey,40
59,Frank,Rivera,44
60,Angela,Cooper,31
61,Gregory,Richardson,33
62,Katherine,Cox,28
63,Dennis,Howard,36
64,Ruth,Ward,38
65,Samuel,Torres,37
66,Sharon,Patterson,46
67,Patrick,Gray,30
68,Michelle,James,39
69,Benjamin,Hughes,53
70,Lori,Flores,51
71,Adam,Watson,50
72,Elizabeth,Bryant,48
73,Aaron,Alexander,27
74,Stephanie,Russell,45
75,Henry,Griffin,32
76,Kathleen,Diaz,42
77,Peter,Hayes,34
78,Helen,Myers,47
79,Douglas,Long,40
80,Diane,Foster,41
81,Jack,Sanders,49
82,Alice,Price,43
83,Terry,Bennett,29
84,Denise,Wood,44
85,Carl,Barnes,35
86,Cheryl,Ross,28
87,Sean,Henderson,36
88,Debra,Coleman,31
89,Randy,Jenkins,39
90,Pamela,Perry,27
91,Harold,Butler,38
92,Kathryn,Brooks,26
93,Raymond,Gonzales,54
94,Shirley,Reynolds,33
95,Bruce,Fisher,45
96,Theresa,Ellis,46
97,Phillip,Hamilton,32
98,Joyce,Reed,34
99,Ronald,Harrison,52
100,Judith,Gibson,41
